"","meanlogpredmass","meanlogpreymass","meanlogratio"
"predacious/piscivorous",6.06403752213459,2.41088614444964,0.0473234482936906
"piscivorous",7.71223438647515,1.63552827510992,0.0339626295963747
"planktivorous",-2.8444155291803,-12.2973266641226,0.0011829044354598
"predacious",4.77986971956941,-3.3992920045753,0.0261432578064674
"insectivorous",-0.19768531886863,-2.97649490953736,0.000169393090293328
